,PE,PB,Momentum_6m,Volatility,Return_1y
AAPL,34.591125,49.182064,-0.008788834995521522,0.2457470212229409,0.27293145145250963
MSFT,31.553228,9.610435,-0.08816121659222942,0.21445142191423747,-0.08045167776868811
TSLA,121.91667,10.969918,0.09467434002882102,0.6790383590735717,0.45589184597582166
GOOGL,20.396767,6.159943,0.028515350908253634,0.2875971876578706,0.09288337586670048
AMZN,35.481014,7.268114,0.052459445487906375,0.2803746056597922,0.09694198060059933
