,PE,PB,Momentum_6m,Volatility,Return_1y
AAPL,-0.38412720555207036,1.9892651684300802,-0.39645677278277786,-0.5602336019881307,0.5773235323846946
MSFT,-0.46632547433945565,-0.4295689554584601,-1.679353130210933,-0.743450088533455,-1.360300289939221
TSLA,1.9786943844869982,-0.34646992834369655,1.275819246867185,1.9764206984597252,1.5805078659193308
GOOGL,-0.7681927792526841,-0.6404818747573957,0.20649104420399075,-0.31522661618445996,-0.4098923575970565
AMZN,-0.36004892534278815,-0.5727444098705271,0.5934996119225352,-0.35751039175367927,-0.38763875076774834
